SNR,pesq_avg,stoi_avg
01e91,2.4891833333333335,0.6477666666666666
