SNR,pesq_avg,stoi_avg
01e91,2.3933733333333334,0.6355466666666666
