SNR,pesq_avg,stoi_avg
01e91,1.4216533333333334,0.20645666666666665
